SET CHARACTER SET 'utf8'
SET NAMES 'utf8'

INSERT INTO category(id, name, description, version) VALUES (1000, 'Naprawa', 'Wszelkie działania umożliwiające przywrócenie właściwości użytkowych uszkodzonym ogniwom lub pojedynczym zespołom pojazdu w wyniku regeneracji lub wymiany zużytych części.', 1)
INSERT INTO category(id, name, description, version) VALUES (1001, 'Wymiana', 'Musisz wymienić jakąś część? Może zwyczajnie chcesz zmienić opony? Z chęcią Ci w tym pomożemy!', 1)
INSERT INTO category(id, name, description, version) VALUES (1002, 'Sklep', 'Potrzebujesz konkretnych części, produktów? Serdecznie zapraszamy do zakupów!', 1)
INSERT INTO category(id, name, description, version) VALUES (1003, 'Diagnostyka', ' Coś niepokojącego dzieje się z Twoim samochodem? Chętnie to sprawdzimy!', 1)

INSERT INTO action(id, name, description, category_fk, version) VALUES (1000, 'Silnik', 'Wszystkie czynności naprawcze związane bezpośrednio z blokiem silnikowym.', 1000, 1)
INSERT INTO action(id, name, description, category_fk, version) VALUES (1001, 'Nadwozie', 'Problemy z karoserią, wnętrzem samochodu? Zajrzyj tutaj.', 1000, 1)
INSERT INTO action(id, name, description, category_fk, version) VALUES (1002, 'Podwozie', 'Koła, amortyzatory, wydech, hamulce.', 1000, 1)
INSERT INTO action(id, name, description, category_fk, version) VALUES (1003, 'Płyny', 'Wymiana płynów.', 1001, 1)
INSERT INTO action(id, name, description, category_fk, version) VALUES (1004, 'Koła', 'Zmiana kół, opon.', 1001, 1)
INSERT INTO action(id, name, description, category_fk, version) VALUES (1005, 'Części', 'Wymiana części.', 1001, 1)
INSERT INTO action(id, name, description, category_fk, version) VALUES (1006, 'Płyny', 'Oleje, płyny chłodnicze i inne.', 1002, 1)
INSERT INTO action(id, name, description, category_fk, version) VALUES (1007, 'Części', 'Części zamienne, eksploatacyjne.', 1002, 1)
INSERT INTO action(id, name, description, category_fk, version) VALUES (1008, 'Akcesoria', 'Środki pielęgnacyjne, zapachy.', 1002, 1)
INSERT INTO action(id, name, description, category_fk, version) VALUES (1009, 'Ogólna', 'Przegląd, hamownia, sprawdzenie stanu przed zakupem.', 1003, 1)
INSERT INTO action(id, name, description, category_fk, version) VALUES (1010, 'Szczegółowa', 'Diagnoza poszczególnych układów, części.', 1003, 1)


INSERT INTO item(id, name, unit_cost, image_path, action_fk, description, version) VALUES (1000, 'Skrzynia biegów', 500.00, 'engine.jpg', 1000, 'Naprawa skrzyni biegów.', 1)
INSERT INTO item(id, name, unit_cost, image_path, action_fk, description, version) VALUES (1001, 'Układ chłodniczy', 100.00, 'engine.jpg', 1000, 'Naprawa związane z układem chłodniczym.', 1)
INSERT INTO item(id, name, unit_cost, image_path, action_fk, description, version) VALUES (1002, 'Blok silnika', 500.00, 'engine.jpg', 1000, 'Naprawy wnętrza silnika.', 1)
INSERT INTO item(id, name, unit_cost, image_path, action_fk, description, version) VALUES (1003, 'Elektronika', 200.00, 'body.jpg', 1001, 'Naprawa elektroniki.', 1)
INSERT INTO item(id, name, unit_cost, image_path, action_fk, description, version) VALUES (1004, 'Karoseria', 200.00, 'body.jpg', 1001, 'Drobna naprawa karoserii.', 1)
INSERT INTO item(id, name, unit_cost, image_path, action_fk, description, version) VALUES (1005, 'Układ wydechowy', 100.00, 'chasis.jpg', 1002, 'Naprawa układu wydechowego.', 1)
INSERT INTO item(id, name, unit_cost, image_path, action_fk, description, version) VALUES (1006, 'Układ hamulcowy', 150.00, 'chasis.jpg', 1002, 'Naprawa związana z układem hamulcowym.', 1)
INSERT INTO item(id, name, unit_cost, image_path, action_fk, description, version) VALUES (1007, 'Olej silnikowy', 20.00, 'fluids1.jpg', 1003, 'Wymiana oleju.', 1)
INSERT INTO item(id, name, unit_cost, image_path, action_fk, description, version) VALUES (1008, 'Płyn chłodniczy', 15.00, 'fluids1.jpg', 1003, 'Wymiana płynu chłodniczego.', 1)
INSERT INTO item(id, name, unit_cost, image_path, action_fk, description, version) VALUES (1009, 'Felgi', 30.00, 'wheels.jpg', 1004, 'Wymiana całych kół z felgami.', 1)
INSERT INTO item(id, name, unit_cost, image_path, action_fk, description, version) VALUES (1010, 'Opony', 50.00, 'wheels.jpg', 1004, 'Wymiana samych opon.', 1)
INSERT INTO item(id, name, unit_cost, image_path, action_fk, description, version) VALUES (1011, 'Drobne', 20.00, 'parts1.jpg', 1005, 'Świeca, żarówka, drobne elementy karoserii.', 1)
INSERT INTO item(id, name, unit_cost, image_path, action_fk, description, version) VALUES (1012, 'Większe', 50.00, 'parts1.jpg', 1005, 'Części w bloku silnika, większe częsci karoserii oraz podwozia.', 1)
INSERT INTO item(id, name, unit_cost, image_path, action_fk, description, version) VALUES (1013, 'Olej silnikowy', 49.00, 'fluids2.jpg', 1006, 'Uniwersalny olej silnikowy.', 1)
INSERT INTO item(id, name, unit_cost, image_path, action_fk, description, version) VALUES (1014, 'Płyn chłodniczy', 39.00, 'fluids2.jpg', 1006, 'Płyn chłodniczy całosezonowy.', 1)
INSERT INTO item(id, name, unit_cost, image_path, action_fk, description, version) VALUES (1015, 'Świeca', 20.00, 'parts2.jpg', 1007, 'Świeca żarowa.', 1)
INSERT INTO item(id, name, unit_cost, image_path, action_fk, description, version) VALUES (1016, 'Żarówka', 10.00, 'parts2.jpg', 1007, 'Żarówka kierunkowskazu.', 1)
INSERT INTO item(id, name, unit_cost, image_path, action_fk, description, version) VALUES (1017, 'Klocki hamulcowe', 40.00, 'parts2.jpg', 1007, 'Klocki do hamulców tarczowych.', 1)
INSERT INTO item(id, name, unit_cost, image_path, action_fk, description, version) VALUES (1018, 'Drzewko zapachowe', 7.00, 'tree.jpg', 1008, 'Zapach nowego samochodu.', 1)
INSERT INTO item(id, name, unit_cost, image_path, action_fk, description, version) VALUES (1019, 'Pasta polerska', 16.00, 'polish.jpg', 1008, 'Uniwersalna pasta polerska.', 1)
INSERT INTO item(id, name, unit_cost, image_path, action_fk, description, version) VALUES (1020, 'Przegląd', 80.00, 'diagnosis1.jpg', 1009, 'Przegląd samochodu.', 1)
INSERT INTO item(id, name, unit_cost, image_path, action_fk, description, version) VALUES (1021, 'Hamownia', 100.00, 'diagnosis1.jpg', 1009, 'Sprawdzenie parametrów samochodu.', 1)
INSERT INTO item(id, name, unit_cost, image_path, action_fk, description, version) VALUES (1022, 'Podwozie', 100.00, 'diagnosis2.jpg', 1010, 'Sprawdzenie podwozia, ocena korozji, stanu podzespołów.', 1)
INSERT INTO item(id, name, unit_cost, image_path, action_fk, description, version) VALUES (1023, 'Silnik', 200.00, 'diagnosis2.jpg', 1010, 'Diagnoza potencjalnej usterki w silniku.', 1)


INSERT INTO user(id, version, login, password, first_name, last_name, telephone, email, date_of_birth, street, city, zip_code) VALUES (1000, 1, 'andrzej', 'andrzejpass', 'Andrzej', 'Nowak', '656 345 239', 'andrzejek@mail.com', '1973-02-06', 'Taneczna 2', 'Kocborowo', '22-313')
INSERT INTO user(id, version, login, password, first_name, last_name, telephone, email, date_of_birth, street, city, zip_code) VALUES (1001, 1, 'jan', 'janpass', 'Jan', 'Kowalski', '932 244 111', 'jaroslaw@poczta.pl', '1986-12-01', 'Główna 56/8', 'Gdańsk', '25-111')
INSERT INTO user(id, version, login, password, first_name, last_name, telephone, email, date_of_birth, street, city, zip_code) VALUES (1002, 1, 'anna', 'annapass', 'Anna', 'Trump', '22 622 21 22', 'pannaanna@poczta.pl', '1992-07-10', 'Kręta 15', 'Gdynia', '23-421')
INSERT INTO user(id, version, login, password, first_name, last_name, telephone, email, date_of_birth, street, city, zip_code) VALUES (1003, 1, 'ola', 'olapass', 'Ola', 'Radziwonowa', '512 991 641', 'olkafasolka@mail.com', '1995-12-03', 'Leśna 122', 'Tczew', '27-865')
